Tab,Address,Comment,RegisterFormat
AGV,500,ControlMode 控制模式选择 1：遥控器 2：上位控制【上位机:写/读(100同步)】,UINT
AGV,0,0 Bool_Heartbeat 心跳{1秒1个脉冲} 1 Bool_ObstacleAvoidanceSwitch 避障开关{1为关，0为开} 2 Bool_Advance 前进{○10点动} 3 Bool_Retreat 后退{○9点动} 4 Bool_MoveEnabled 步进使能 5 Bool_MoveStart 步进开始 6 Bool_ControlStop 急停 7 Bool_Standby 备用 8 BOOL_TurnOffBuzzer 关闭蜂鸣器 9 Bool_LegReachOut 一键支腿支撑/驻车开 10 Bool_LegWithdraw 一键支腿收回/驻车关【上位机:写bit1/2/3/4/5/9/10】,BOOL
AGV,2,UINT_UpperControlMode 控制模式{0=前后轮 1=前轮 2=平移 3=横移 4=原地旋转}【上位机:写】,UINT
AGV,3,UINT_UpperControlSpeed 速度{0-100 mm/s}【上位机:写/读153同步】,UINT
AGV,4,INT_UpperControlAngle 角度{-25~25°}【上位机:写/读154同步】,INT
AGV,5,INT_UpperControlPosition 步进距离【上位机:写】,INT
AGV,100,UINT_CurrentControlMode 当前控制模式 1=遥控 2=示教器【上位机:轮询读】,UINT
AGV,155,UINT_CurrentSteeringMode 底盘转向模式状态{1~5对应五种模式}【上位机:轮询读/切换等待】,UINT
AGV,290,ClearAlarm 清除报警写1【上位机:写(与主控290联动)】,UINT
AGV,5050,INT_BrakeDelay 参数设置【规范定义，上位机未接入】,INT
AGV,5000,Real_TrunVelocity 转向速度【规范定义，上位机未接入】,REAL
AGV,5002,Real_TrunAcceleration 转向加速度【规范定义，上位机未接入】,REAL
AGV,5004,Real_TrunDeceleration 转向减速度【规范定义，上位机未接入】,REAL
AGV,5006,Real_DriveVelocity 行走数值化运行速度【规范定义，上位机未接入】,REAL
AGV,5008,Real_DriveAcceleration 行走加速度【规范定义，上位机未接入】,REAL
AGV,5010,Real_DriveDeceleration 行走减速度【规范定义，上位机未接入】,REAL
AGV,5012,MaximumDrivingSpeed 移动最大速度【规范定义，上位机未接入】,REAL
AGV,5014,ElectricCylinderReachPosition 电缸伸出位置/驻车伸出长度mm【上位机:写5014~5017共4字LREAL】,LREAL
AGV,5018,ElectricCylinderWithdrawPosition 电缸缩回位置【规范定义，上位机未接入】,LREAL
AGV,5022,LF_LegCurrentSetting 左前支腿停止电流【规范定义，上位机未接入】,WORD
AGV,5023,RF_LegCurrentSetting 右前支腿停止电流【规范定义，上位机未接入】,WORD
AGV,5024,LR_LegCurrentSetting 左后支腿停止电流【规范定义，上位机未接入】,WORD
AGV,5025,RR_LegCurrentSetting 右后支腿停止电流【规范定义，上位机未接入】,WORD
AGV,5026,SINT_VelocitySelection 三段速度选择【规范定义，上位机未接入】,SINT
AGV,50,0 Bool_ReadHeartbeat 1前触边 2后触边 3左触边 4右触边 5前避障减速 6前避障停止 7后避障减速 8后避障停止 9点动运行中 10转向回正 11横移到位 12原地旋转到位 13避障开关状态{0开1关}【上位机:轮询读】,BOOL
AGV,51,0低电报警 1站掉线 2驱动故障 3支腿支撑完成 4支腿收回完成 5底盘急停触发【上位机:轮询读】,BOOL
AGV,102,INT_BatteryLevel 电池1电量{0-100%}；bit0低电 bit1通讯故障 bit2驱动故障【上位机:轮询读】,INT
AGV,103,INT_BatteryLevel2 电池2电量{0-100%}【上位机:轮询读】,INT
AGV,104,INT_RunningVelocity 行驶速度{mm/s}【上位机:轮询读/速度表】,UINT
AGV,105,INT_JogDisplacement 点动位移{mm}【上位机:轮询读】,INT
AGV,55,16个轴故障码 ARRAY[1..16] DriveErrorCode【规范定义；上位机实际读110~117】,ARRAY [1..16] OF DriveErrorCode
AGV,110,FaultCode_Steering1 转向1故障代码【上位机:轮询读】,INT
AGV,111,FaultCode_Steering2 转向2故障代码【上位机:轮询读】,INT
AGV,112,FaultCode_Steering3 转向3故障代码【上位机:轮询读】,INT
AGV,113,FaultCode_Steering4 转向4故障代码【上位机:轮询读】,INT
AGV,114,FaultCode_Drive1 行走1故障代码【上位机:轮询读】,INT
AGV,115,FaultCode_Drive2 行走2故障代码【上位机:轮询读】,INT
AGV,116,FaultCode_Drive3 行走3故障代码【上位机:轮询读】,INT
AGV,117,FaultCode_Drive4 行走4故障代码【上位机:轮询读】,INT
AGV,150,EmergencyStopPosition 16位对应16路急停来源【上位机:轮询读bit0~10】,WORD
AGV,151,Inclinometer_X 倾角X{寄存器值÷100°}【上位机:轮询读】,INT
AGV,152,Inclinometer_Y 倾角Y{寄存器值÷100°}【上位机:轮询读】,INT
AGV,153,UINT_CurrentUpperControlSpeed 当前设置速度【上位机:轮询读/UI同步】,UINT
AGV,154,INT_CurrentUpperControlAngle 当前设置角度【上位机:轮询读/UI同步】,INT
AGV,156,Battery1Charging 电池1充电状态{1=充电中}【上位机:轮询读5s】,UINT
Robot,79,AxisVelocityPercent 轴速度百分比{滑块联动写入}【上位机:写】,UINT
Robot,290,ClearAlarm/ServoReset 清除报警或伺服复位脉冲写1【上位机:写/开机脉冲】,UINT
Robot,400,ForceControlEnable 力控使能 0关1开【上位机:写】,UINT
Robot,401,ForceTare 力传感器去皮 按下写1释放写0【上位机:写】,UINT
Robot,403,ForceLimitAlarm 力控超限监控 0正常1报警【上位机:读(modbusvariables)】,INT
Robot,404,ForceSensorSelect 力传感器选择 0大力1小力【上位机:写】,UINT
Robot,5000,AxisSetVelocity 轴设定速度0-100%【规范定义，上位机未直写】,UINT
Robot,5001,AxisJOGSetVelocity 点动速度0-100%【上位机:写RobotSpeed滑块】,UINT
Robot,5002,SystemAutoAccelerationAndDeceleration 系统数字化加减速度【规范定义；上位机写502~505步进LREAL】,UINT
Robot,5003,SystemJOGAccelerationAndDeceleration 系统点动加减速度【规范定义，上位机未接入】,UINT
Robot,5500,SystemJOG 系统点动【规范定义，上位机未接入】,LREAL
Robot,6000,PlatformSetVelocity 六自由度速度设置 ARRAY[1..6]【规范定义，上位机未接入】,ARRAY [1..6] OF UINT
Robot,500,ChoiceAxis 轴选择1~7{J1~J4=1~4 AGV=5 六轴=6~7}【上位机:写】,UINT
Robot,501,AxisControlMode 控制模式1点动2步进/数字化【上位机:读125/写501】,UINT
Robot,502,AxisSetPosition 轴设定位置/步进值【上位机:写502~505 LREAL GH-EF-CD-AB】,LREAL
Robot,514,ControlButton 点动方向4/2 步进确定1 外部键触发【上位机:写】,UINT
Robot,523,ResetFunction 功能轴选择【规范定义，上位机未接入】,UINT
Robot,524,RunMaxPosition 一键运行到最远位置【规范定义，上位机未接入】,UINT
Robot,525,CantileverControlMode 悬臂控制1坐标2关节【上位机:写/读126】,UINT
Robot,526,坐标点动 JogX/Y/Z/Rz 正负方向编码±1~±4【上位机:写】,BOOL
Robot,527,0起吊控制 1起吊上升 2起吊下降 3起吊完成 4重量去皮；bit5主副轴同步启动【上位机:读改写bit5】,BOOL
Robot,528,LiftingControlVelocity 起吊速度【规范定义，上位机未接入】,LREAL
Robot,600,PlatformControlMode 六自由度模式1点动2步进【上位机:读/写】,UINT
Robot,601,PlatformSetPosition 六自由度步进位置【上位机:写601~602 float CDAB】,INT
Robot,602,PlatformSetPosition_HiWord 六自由度步进位置高字【上位机:写601~602配对】,INT
Robot,613,PlatformJog 六轴点动命令±1~±6【上位机:写】,INT
Robot,614,PlatformMove 六轴步进选轴1~6【上位机:写】,INT
Robot,615,0 SteppingConfirm 步进确定/六轴复位bit1【上位机:写读改写】,BOOL
Robot,0,BottomRotatingAxisPosition J1底部旋转轴位置【上位机:轮询读0~3 LREAL】,LREAL
Robot,4,MainLiftingAxisPosition J2主升降轴位置【上位机:轮询读4~7 LREAL】,LREAL
Robot,8,AuxiliaryAxisPosition 辅助平衡轴位置【规范定义，上位机未读】,LREAL
Robot,12,ExtensionAxis_1Position J3一级伸缩臂位置【上位机:轮询读12~15 +16~19求和】,LREAL
Robot,16,ExtensionAxis_2Position J3二级伸缩臂位置【上位机:轮询读16~19】,LREAL
Robot,20,EndRotatingAxisPosition J4末端旋转轴位置【上位机:轮询读20~23 LREAL】,LREAL
Robot,24,LiftingAxis_1Position 起吊电机1位置【规范定义，上位机未读】,LREAL
Robot,28,LiftingAxis_2Position 起吊电机2位置【规范定义，上位机未读】,LREAL
Robot,32,LiftingAxis_3Position 起吊电机3位置【规范定义，上位机未读】,LREAL
Robot,36,BottomRotatingAxisVelocity J1速度反馈【上位机:轮询读36~39 LREAL】,LREAL
Robot,40,MainLiftingAxisVelocity J2速度反馈【上位机:轮询读40~43 LREAL】,LREAL
Robot,44,AuxiliaryAxisVelocity 辅助平衡轴速度【规范定义，上位机未读】,LREAL
Robot,48,ExtensionAxis_1Velocity J3速度段1【上位机:轮询读48~51 LREAL】,LREAL
Robot,52,ExtensionAxis_2Velocity J3速度段2【上位机:轮询读52~55 LREAL】,LREAL
Robot,56,EndRotatingAxisVelocity J4速度反馈【上位机:轮询读56~59 LREAL】,LREAL
Robot,60,LiftingAxis_1Velocity 起吊电机1速度【规范定义，上位机未读】,LREAL
Robot,64,LiftingAxis_2Velocity 起吊电机2速度【规范定义，上位机未读】,LREAL
Robot,68,LiftingAxis_3Velocity 起吊电机3速度【规范定义，上位机未读】,LREAL
Robot,72,CurrentPlatformControlMode 六自由度当前模式【规范定义，上位机未读；用600/125替代】,UINT
Robot,73,CurrentPlatformSetPosition 六自由度当前位置 RX~Z ARRAY[1..6] REAL【上位机:轮询读73~84】,ARRAY [1..6] OF REAL
Robot,85,CurrentPlatformStates 六自由度状态【规范定义，上位机未读】,UINT
Robot,102,0正限位警告1负限位警告2正限位到达3负限位到达4超范围5回零完成6最远位完成等【上位机:轮询读bit2/3限位】,BOOL
Robot,103,X坐标【上位机:轮询读103~106 LREAL】,LREAL
Robot,107,Y坐标【上位机:轮询读107~110 LREAL】,LREAL
Robot,111,Z坐标【上位机:轮询读111~114 LREAL】,LREAL
Robot,115,aR姿态角【上位机:轮询读115~118 LREAL】,LREAL
Robot,119,GL20Status 分布式IO状态【规范定义；使能按钮写19/119已注释禁用】,UINT
Robot,120,GL20ErrorCode 分布式故障【规范定义，上位机未读】,UINT
Robot,121,AGVPLCStatus AGV PLC状态【规范定义，上位机未读】,UINT
Robot,122,MultiAxisPlatformStatus 六自由度平台状态【规范定义，上位机未读】,UINT
Robot,123,Weight 末端起吊重量【规范定义，上位机未读】,UINT
Robot,124,CurrentChoiceAxis 当前选择轴/外部矩阵键写入【上位机:写】,UINT
Robot,125,CurrentAxisControlMode 当前模式1点动2步进【上位机:轮询读】,UINT
Robot,126,CurrentCantileverControlMode 当前坐标系1坐标2关节【上位机:轮询读/写525】,UINT
Robot,127,Total_Weight_Raw 总原始重量【上位机:轮询读125~130块】,UINT
Robot,128,Total_Weight_Final 去皮后重量【上位机:轮询读125~130块】,UINT
Robot,129,CurrentAxisSetVelocity 当前轴设定速度【上位机:轮询读125~130块】,UINT
Robot,130,CurrentAxisJOGSetVelocity 当前点动速度【上位机:轮询读/UI同步】,UINT
Robot,131,CurrentSystemAutoAccelerationAndDeceleration【上位机:轮询读125~130块】,UINT
Robot,132,CurrentSystemJOGAccelerationAndDeceleration【上位机:轮询读125~130块】,UINT
Robot,133,Tension 末端拉力【规范定义，上位机未读】,UINT
Robot,134,Current_Power 当前功率【上位机:轮询读】,INT
Robot,150,0机器人急停1高度互锁2长度互锁3重量超载4下示教器急停5上示教器急停6主副轴偏差【上位机:轮询读】,BOOL
Robot,251,BottomRotatingAxisStatus J1轴状态【规范定义，上位机未读】,INT
Robot,252,MainLiftingAxisStatus J2轴状态【规范定义，上位机未读】,INT
Robot,253,AuxiliaryAxisStatus 辅助轴状态【规范定义，上位机未读】,INT
Robot,254,ExtensionAxis_1Status 伸缩臂1状态【规范定义，上位机未读】,INT
Robot,255,ExtensionAxis_2Status 伸缩臂2状态【规范定义，上位机未读】,INT
Robot,256,EndRotatingAxisStatus 末端轴状态【规范定义，上位机未读】,INT
Robot,257,LiftingAxis_1Status 起吊1状态【规范定义，上位机未读】,INT
Robot,258,LiftingAxis_2Status 起吊2状态【规范定义，上位机未读】,INT
Robot,259,LiftingAxis_3Status 起吊3状态【规范定义，上位机未读】,INT
Robot,260,LiftingAxis_1Torque 起吊1扭矩【规范定义，上位机未读】,LREAL
Robot,264,LiftingAxis_2Torque 起吊2扭矩【规范定义，上位机未读】,LREAL
Robot,268,LiftingAxis_3Torque 起吊3扭矩【规范定义，上位机未读】,LREAL
Robot,612,BigForceSensor_FX 大六维力FX【上位机:轮询读612~623 float对】,REAL
Robot,614,BigForceSensor_FY 大六维力FY【上位机:轮询读】,REAL
Robot,616,BigForceSensor_FZ 大六维力FZ【上位机:轮询读】,REAL
Robot,618,BigForceSensor_MX 大六维力MX【上位机:轮询读】,REAL
Robot,620,BigForceSensor_MY 大六维力MY【上位机:轮询读】,REAL
Robot,622,BigForceSensor_MZ 大六维力MZ【上位机:轮询读】,REAL
Robot,624,SmallForceSensor_FX 小六维力FX【上位机:轮询读624~635 float对】,REAL
Robot,626,SmallForceSensor_FY 小六维力FY【上位机:轮询读】,REAL
Robot,628,SmallForceSensor_FZ 小六维力FZ【上位机:轮询读】,REAL
Robot,630,SmallForceSensor_MX 小六维力MX【上位机:轮询读】,REAL
Robot,632,SmallForceSensor_MY 小六维力MY【上位机:轮询读】,REAL
Robot,634,SmallForceSensor_MZ 小六维力MZ【上位机:轮询读】,REAL
Robot,1000,AxisErrorCode1 故障码反馈 ARRAY[1..9] STRING【规范定义，上位机未读】,ARRAY [1..9] OF STRING
Robot,8192,TeachingInterlock 示教互锁设备号0下位1上位【上位机:读/写/写权限门控】,UINT
Robot,8193,TotalRuntimeSec_Lo 累计运行时间低字【上位机:读/写】,UINT
Robot,8194,TotalRuntimeSec_Hi 累计运行时间高字【上位机:读/写】,UINT
Robot,动态,TechSliderEdit 滑块写入地址按UI子控件顺序从0递增【上位机:读写】,UINT
Robot,动态,TechSliderLabel 标签读取地址按UI子控件顺序从100递增【上位机:读写】,UINT
